term,estimate,std.error,statistic,p.value,conf.low,conf.high,spec,weighted,weight_var,control_count,outcome,treatment,model,n_obs
l1_acs_gini_z,1.6688311284126646e-4,0.0015925773150327407,0.10478807607393027,0.9169632075505347,-0.003031902564992709,0.0033656687906752415,baseline,FALSE,NA,8,frequent_mental_distress_rate,l1_acs_gini_z,baseline__frequent_mental_distress_rate__l1_acs_gini_z,455
l1_acs_gini_z,0.0014902262772206853,0.0016840492825862979,0.8849065716960809,0.38044283074741336,-0.0018922862545447722,0.0048727388089861426,baseline,FALSE,NA,8,fair_poor_health_rate,l1_acs_gini_z,baseline__fair_poor_health_rate__l1_acs_gini_z,455
l1_acs_gini_z,0.002352245353439719,0.002681929900378083,0.8770719000180106,0.384642374211973,-0.003034569385980164,0.007739060092859603,baseline,FALSE,NA,8,log_real_pce_pc,l1_acs_gini_z,baseline__log_real_pce_pc__l1_acs_gini_z,459
l1_acs_gini_z,0.4506390649170248,0.23299055405884422,1.9341516515009067,0.058763981289751806,-0.01733623547127161,0.9186143653053213,baseline,FALSE,NA,8,real_pce_pc_growth,l1_acs_gini_z,baseline__real_pce_pc_growth__l1_acs_gini_z,459
l1_disp_mean_median_gap_z,-9.700031065063707e-4,0.0015093459776400883,-0.6426645188553801,0.5233780110965338,-0.0040016137232080015,0.0020616075101952598,baseline,FALSE,NA,8,frequent_mental_distress_rate,l1_disp_mean_median_gap_z,baseline__frequent_mental_distress_rate__l1_disp_mean_median_gap_z,455
l1_disp_mean_median_gap_z,0.002264025012485185,0.0013876306947245417,1.6315760534070747,0.1090522858750657,-5.231132636345022e-4,0.005051163288604872,baseline,FALSE,NA,8,fair_poor_health_rate,l1_disp_mean_median_gap_z,baseline__fair_poor_health_rate__l1_disp_mean_median_gap_z,455
l1_disp_mean_median_gap_z,-0.007359540414978837,0.002930688314416733,-2.5111986077726374,0.015309409504931263,-0.013246001133627786,-0.0014730796963298891,baseline,FALSE,NA,8,log_real_pce_pc,l1_disp_mean_median_gap_z,baseline__log_real_pce_pc__l1_disp_mean_median_gap_z,459
l1_disp_mean_median_gap_z,0.045929614858457056,0.1916605851449899,0.2396403768866281,0.8115887542357468,-0.33903199986507615,0.4308912295819902,baseline,FALSE,NA,8,real_pce_pc_growth,l1_disp_mean_median_gap_z,baseline__real_pce_pc_growth__l1_disp_mean_median_gap_z,459
