term,estimate,std.error,statistic,p.value,conf.low,conf.high,outcome,treatment,placebo_lead
f1_l1_disp_top10_share_z,-9.782447261579522e-4,8.07442152084427e-4,-1.2115353696021383,0.2313850941412963,-0.0026000400182213763,6.435505659054719e-4,frequent_mental_distress_rate,l1_disp_top10_share_z,1
f1_l1_acs_gini_z,-8.58982365824927e-4,0.0022372247216663724,-0.38394997047284696,0.7026434949943507,-0.005352580466345008,0.0036346157346951536,frequent_mental_distress_rate,l1_acs_gini_z,1
