term,estimate,std.error,statistic,p.value,conf.low,conf.high,sample,outcome,treatment,n_obs,n_states
l1_acs_gini_z,1.6688311284126646e-4,0.0015925773150327407,0.10478807607393027,0.9169632075505347,-0.003031902564992709,0.0033656687906752415,full,frequent_mental_distress_rate,l1_acs_gini_z,455,51
l1_acs_gini_z,8.924465690603025e-4,0.0015413236201450335,0.5790131010749879,0.5652327014850684,-0.0022049592103855513,0.0039898523485061566,exclude_dc,frequent_mental_distress_rate,l1_acs_gini_z,446,50
l1_acs_gini_z,-4.984532411192667e-4,0.0021308131847857775,-0.23392629850344154,0.8159973793691723,-0.004778317479605183,0.0037814109973666487,pre_2020,frequent_mental_distress_rate,l1_acs_gini_z,305,51
l1_acs_gini_z,3.099425193589081e-4,0.00310016685461322,0.0999760767384815,0.9207631098744636,-0.005916925865507229,0.006536810904225045,post_2020,frequent_mental_distress_rate,l1_acs_gini_z,150,51
l1_acs_gini_z,0.0011387827269826662,0.001581911838719242,0.7198774919749353,0.4761235041201939,-0.0020664751178067816,0.004344040571772114,exclude_top_ineq_states,frequent_mental_distress_rate,l1_acs_gini_z,339,38
